id;phone;email;position;birthday;location;preference;education;experience;target;ralationship;timeregister;fullname;sex;cv;cv_content_type
1;(257) 971-6242;Skylar.Leuschke@yahoo.com;Handcrafted improvement;2021-07-23T22:00:43;Handmade extend teal;Generic;Concrete Loop;SMS Developer Metrics;Frozen Future;users;2021-07-23T08:34:18;Tokelau;primary technologies;../fake-data/blob/hipster.png;image/png
2;589-909-6170;Brooke74@yahoo.com;Synergized Baby navigating;2021-07-24T05:19:04;deposit;Steel bus;Circle Tools;Haven black Principal;bypass magenta;mesh Plastic;2021-07-24T03:39:14;deposit;Paradigm;../fake-data/blob/hipster.png;image/png
3;(687) 755-7774 x233;Jerald67@gmail.com;Gorgeous Accounts extensible;2021-07-23T08:45:12;best-of-breed Ergonomic back-end;Vietnam structure;compress;seize;Infrastructure Avon deposit;Account Concrete Maine;2021-07-24T07:54:51;Frozen;Bedfordshire;../fake-data/blob/hipster.png;image/png
4;(938) 481-9470 x838;Louvenia90@hotmail.com;Lithuanian;2021-07-24T05:28:48;Organized Shoes quantifying;challenge Credit;Peso XML input;THX;migration;override auxiliary Soft;2021-07-23T10:35:54;drive payment;proactive drive RSS;../fake-data/blob/hipster.png;image/png
5;383.873.6144 x9057;Sabryna_Oberbrunner@gmail.com;Ramp;2021-07-24T00:57:33;Program Central;calculating reboot;Corporate reinvent Rustic;Grenadines Concrete cohesive;Car;maximize Technician;2021-07-24T06:17:00;Path Facilitator;Grocery;../fake-data/blob/hipster.png;image/png
6;242.620.5182 x23371;Helene_Thompson87@hotmail.com;synthesize District Directives;2021-07-24T00:35:27;Savings haptic;blue Squares auxiliary;azure programming;olive Locks;Account Drive;Table;2021-07-23T11:57:46;Metal iterate;THX Legacy;../fake-data/blob/hipster.png;image/png
7;(481) 542-3688 x60892;Jewell27@yahoo.com;Keyboard;2021-07-24T04:37:47;Borders Customizable;Pound up;matrices maximize PNG;Utah exploit Shoes;BEAC Facilitator;hacking;2021-07-24T01:00:11;copy;Integration Club;../fake-data/blob/hipster.png;image/png
8;1-519-923-1145 x446;Deanna_Mraz11@yahoo.com;envisioneer connect pixel;2021-07-24T07:33:07;Hat synergy;Borders;experiences FTP;reboot gold Cotton;cross-platform ADP;PNG Computer;2021-07-24T01:59:52;users Forint;real-time;../fake-data/blob/hipster.png;image/png
9;660.695.2135;Providenci31@gmail.com;magenta;2021-07-24T02:35:39;Right-sized Massachusetts;Cove;flexibility niches SCSI;copying;functionalities;Cambridgeshire;2021-07-23T16:11:55;Graphic Implemented transmit;Agent user-centric payment;../fake-data/blob/hipster.png;image/png
10;261-859-3709 x4344;Norene_Jenkins36@gmail.com;Metal Avon hacking;2021-07-24T05:59:01;panel XML;Gorgeous Somoni state;incubate extranet override;invoice Architect Fantastic;strategic parse;Diverse Devolved Optimization;2021-07-23T09:37:29;toolset Missouri;toolset invoice invoice;../fake-data/blob/hipster.png;image/png
