id;name;email;message;phone;datetime;jobtitle;company;interest
1;Lead metrics;Rosalind.Lind57@yahoo.com;EXE Bacon Dynamic;(549) 467-9540;2021-07-23T14:06:25;Unbranded compressing;infrastructure Strategist neural;copying Chair
2;Ergonomic context-sensitive;Marlen.Boyer1@gmail.com;Soft;513-827-2824;2021-07-23T08:53:54;index;deposit capacitor Ukraine;Borders robust
3;ubiquitous;Randy.Koss@hotmail.com;Architect South SDD;446.219.2675;2021-07-24T03:54:54;Shoes Personal;Assistant;secured
4;Inverse architect;Helena_Metz@yahoo.com;Investor radical;1-525-781-0967 x202;2021-07-24T00:41:12;Expanded;Baby Shirt;Analyst Licensed
5;Fresh withdrawal Colorado;Alexandrea12@yahoo.com;Dynamic Steel;(636) 519-4129 x3879;2021-07-24T08:12:20;Loan SCSI Administrator;Mountain program;withdrawal input Peso
6;Plastic Future Configuration;Neal_Hudson@yahoo.com;Nevada efficient;881-502-0658;2021-07-23T20:41:38;Buckinghamshire Outdoors;Mills Russian;Corporate
7;Human User-friendly up;Idella_Rodriguez@gmail.com;teal indexing Stream;1-472-278-8395;2021-07-23T10:36:59;Reduced Wooden Hungary;structure CSS Dale;port
8;Officer disintermediate;Eleazar.Paucek@gmail.com;Plastic invoice;(758) 258-2750 x392;2021-07-24T04:27:03;Borders Arkansas Bedfordshire;blue mindshare;interface Ruble Managed
9;networks Bike Shoal;Forest.Stehr81@gmail.com;Soft target port;299-208-9110 x663;2021-07-24T04:07:18;Street;ivory;foreground Jewelery hacking
10;Macedonia Syrian;Norma49@yahoo.com;Luxembourg Tasty;(438) 800-6050;2021-07-23T21:07:07;disintermediate Soft;Sleek;Brand
