id;templatename;subject;hyperlink;datetime;content
1;Dollar Awesome connecting;tertiary red extensible;Gloves Carolina Gorgeous;2021-12-05T21:44:33;encryption Solomon zero
2;Roads Maldives;Indian Bacon Home;incentivize connect;2021-12-05T16:46:08;programming
3;architectures Horizontal synthesizing;Freeway Tools Soap;Global Nebraska web-enabled;2021-12-05T22:25:44;Granite streamline
4;Franc;Granite monitor;e-enable FTP;2021-12-05T18:46:29;payment ADP
5;Iraq bandwidth haptic;high-level Cotton synthesizing;Fresh;2021-12-06T04:56:32;Shoes Switchable invoice
6;Directives;ChickenXXX;Cotton Towels;2021-12-06T01:57:01;Borders
7;Communications Security;Streamlined;logistical ivory;2021-12-05T20:04:58;rich innovative
8;Tools;SCSIXXXXXX;Profound;2021-12-05T16:04:43;Alabama Graphic Bedfordshire
9;PCI;Coordinator task-force;application Forward SMS;2021-12-05T17:58:31;methodology optimizing
10;state context-sensitive;intangible supply-chains;Designer Developer Trace;2021-12-05T22:24:14;middleware IB matrix
