id;position;description;require;benefit;amount;job;location;duration;jhi_level
1;Sports Product;Belize;Granite multi-byte;SMS;15026;contextually-based California;deposit Berkshire;matrix;Quality Texas
2;Plastic;executive;Flat Home;Planner Account black;27959;Sausages hard;eyeballs Mobility;viral matrix;Intelligent
3;Intelligent;Streets;invoice Uzbekistan interface;parsing Mouse Reactive;45411;Account synergy deposit;Garden Chief blockchains;incubate supply-chains solutions;Decentralized Markets
4;Neck;concept Pizza transition;Re-contextualized Islands,;Communications Paradigm;19566;Checking;Licensed Refined program;incentivize;incentivize portals cross-platform
5;Chicken invoice navigating;compressing Cambridgeshire;Trinidad reboot payment;plug-and-play;6376;Intelligent;Home;Loan extend;primary Functionality neutral
6;Practical maximized sexy;metrics Nakfa Fantastic;Mills approach AGP;Gambia Principal;19390;Proactive azure web;contextually-based Mall;task-force Account Borders;violet
7;Nevada calculating;Nevada Argentine;Officer;schemas;13770;Account Islands;Awesome Borders invoice;redundant Regional;whiteboard
8;Central back Marketing;local Ball sensor;Roads Savings pixel;transmitting;19405;contingency leading-edge;intangible;envisioneer Agent;Future Forward overriding
9;bi-directional;SCSI;Officer bypassing Concrete;neural programming;73287;Intelligent Chair;hacking;multi-byte;revolutionary
10;Generic Granite Kansas;Dynamic;Cambridgeshire Money RAM;Tools Clothing;86751;Soft;alliance Soft;matrix mindshare Monitored;Bedfordshire
