id;phone;email;position;location;preference;education;experience;target;fullname;sex;cv;cv_content_type;birthday;relationship;date_register
1;(257) 971-6242;Skylar.Leuschke@yahoo.com;Handcrafted improvement;Bermuda Cotton;teal;Generic;Concrete Loop;SMS Developer Metrics;Frozen Future;users;../fake-data/blob/hipster.png;image/png;2021-08-05;Tokelau;2021-08-05
2;224.502.4898 x0961;Aglae40@hotmail.com;matrix;Keyboard aggregate Profound;leading-edge;bus;Circle Tools;Haven black Principal;bypass magenta;mesh Plastic;../fake-data/blob/hipster.png;image/png;2021-08-05;deposit;2021-08-05
3;1-474-687-6557 x77423;Dan4@yahoo.com;Boliviano matrix Berkshire;Representative e-enable;invoice;Account;structure;compress;seize;Infrastructure Avon deposit;../fake-data/blob/hipster.png;image/png;2021-08-05;Auto Down-sized;2021-08-05
4;220-892-4141 x74938;Quentin.Dickinson77@gmail.com;cross-platform;invoice National Berkshire;Organized Shoes quantifying;challenge Credit;Peso XML input;THX;migration;override auxiliary Soft;../fake-data/blob/hipster.png;image/png;2021-08-05;drive payment;2021-08-05
5;283.858.4471;Eugene.Schowalter63@hotmail.com;Meadows;South;withdrawal hub orange;Toys Pike calculating;Product Corporate reinvent;Bike;reboot program;cohesive De-engineered;../fake-data/blob/hipster.png;image/png;2021-08-05;maximize Technician;2021-08-06
6;550-985-0043 x9042;Donnie.Anderson@yahoo.com;white synergistic Administrator;Facilitator synthesize District;Shirt Home responsive;Czech;Squares auxiliary deposit;programming;olive Locks;Account Drive;../fake-data/blob/hipster.png;image/png;2021-08-05;Refined;2021-08-05
7;516-839-9586 x58718;Rubye.Carter@gmail.com;cross-platform;deposit Manager Bedfordshire;circuit;Shoes;overriding full-range;input SMS Card;Cambridgeshire architecture;Tools Chair Krona;../fake-data/blob/hipster.png;image/png;2021-08-05;Facilitator service-desk Incredible;2021-08-05
8;(259) 354-0654;Watson32@gmail.com;Fantastic;Port Pre-emptive;Soft service-desk Point;adapter Hat;Chief;Angola experiences;access reboot gold;Glens;../fake-data/blob/hipster.png;image/png;2021-08-05;fuchsia Berkshire;2021-08-05
9;312.444.7863 x6035;Graciela.Lindgren@gmail.com;Analyst Plastic;open-source;Intelligent;Right-sized Massachusetts;Cove;flexibility niches SCSI;copying;functionalities;../fake-data/blob/hipster.png;image/png;2021-08-05;Implementation card;2021-08-05
10;(517) 818-9903;Noelia.Nader@hotmail.com;Wooden Paradigm;Analyst;communities methodologies;GB tan;hacking;Rwanda;XML;Gorgeous Somoni state;../fake-data/blob/hipster.png;image/png;2021-08-05;Arkansas time-frame;2021-08-05
