id;name;email;message;phone;jobtitle;company;interest;datecontact
1;Lead metrics;Rosalind.Lind57@yahoo.com;EXE Bacon Dynamic;(549) 467-9540;Barbados Assistant Personal;administration Buckinghamshire;applications Games;2021-08-05
2;Ergonomic context-sensitive;Marlen.Boyer1@gmail.com;Soft;513-827-2824;process magenta Handcrafted;Nebraska full-range Card;Burg;2021-08-05
3;transmit;Cole.Ziemann30@yahoo.com;calculating Fantastic;(561) 292-6751;Shoes Personal;Assistant;secured;2021-08-05
4;users;Tom_Hintz@gmail.com;Account Credit;254.356.8109 x6720;capability;bandwidth;bypass Yen recontextualize;2021-08-05
5;hack;Sandra.Smitham@gmail.com;Colorado territory Music;(771) 266-5363 x19412;transition Supervisor Loan;IB relationships Mountain;Cross-platform withdrawal input;2021-08-05
6;Auto;Bertram68@gmail.com;XSS index Maine;1-535-928-8140 x206;RSS Buckinghamshire;International;Buckinghamshire Costa;2021-08-05
7;transmit;Chelsea_Gerhold82@hotmail.com;Research;1-578-328-8424 x8213;green JSON Intranet;Reduced Wooden Hungary;structure CSS Dale;2021-08-05
8;Open-architected Officer disintermediate;Eleazar.Paucek@gmail.com;Plastic invoice;(758) 258-2750 x392;firewall;Arkansas;standardization blue;2021-08-05
9;Fresh leverage Soft;Christiana_Ruecker@yahoo.com;Bike Shoal Fresh;817-444-0726 x40990;programming;Baby;Gloves connecting;2021-08-05
10;Personal mesh state;Tevin_Lynch@gmail.com;Syrian Buckinghamshire;(545) 610-9521;empowering;Metal Granite leading-edge;Assimilated French;2021-08-05
