id;subject;recipients;recipientsname;cc;datetime;content
1;USB Car functionalities;invoice Garden value-added;Account;transmitting;2021-10-20T20:53:45;MarketingX
2;invoice;Hollow quantify;customized South project;Squares;2021-10-20T20:01:51;product hack parse
3;Baby core Handcrafted;Concrete Direct;Micronesia;utilisation Senior payment;2021-10-20T21:53:37;InvestorXX
4;Spring neural United;Valleys Home Intranet;Garden;invoice;2021-10-21T06:42:45;composite District
5;Shoes;Home;TCP Robust Sausages;Sports District Sausages;2021-10-21T12:02:35;Awesome Shilling
6;Plastic;Tools Intranet Nicaragua;multi-state Wisconsin Bike;Saudi;2021-10-21T06:19:24;WoodenXXXX
7;auxiliary Pizza;parse;Soft user-centric;vortals;2021-10-21T09:25:10;Salad SCSI Colorado
8;Money;Tuna visionary;optical Incredible Personal;Buckinghamshire SSL Concrete;2021-10-21T19:05:33;neural Minnesota Account
9;Forward Generic;France firewall Health;Automotive;Cambridgeshire Specialist Mobility;2021-10-21T00:48:41;engage base Chicken
10;synthesizing Granite Dynamic;Dynamic;integrate morph Lithuanian;Manager;2021-10-21T05:59:37;Configuration
