id;name;content;image;image_content_type;description
1;Open-architected Savings;paradigms;../fake-data/blob/hipster.png;image/png;Directives
2;redundant;Dakota neural ADP;../fake-data/blob/hipster.png;image/png;Self-enabling invoice
3;Corporate Pound payment;UIC-Franc IB;../fake-data/blob/hipster.png;image/png;convergence visualize
4;Awesome;Robust Tanzanian deposit;../fake-data/blob/hipster.png;image/png;ability Facilitator
5;indexing Intuitive Rubber;Washington monetize Vermont;../fake-data/blob/hipster.png;image/png;Franc Garden granular
6;hacking;integrated;../fake-data/blob/hipster.png;image/png;modular Shoes
7;Outdoors;panel Loan;../fake-data/blob/hipster.png;image/png;24/7
8;alarm Liaison;African;../fake-data/blob/hipster.png;image/png;architect
9;Ball encompassing;auxiliary drive;../fake-data/blob/hipster.png;image/png;Accountability
10;Metal foreground Central;optical Taka;../fake-data/blob/hipster.png;image/png;Intelligent Group Minor
