id;position;description;require;benefit;amount;job;location;jhi_level;duration
1;SCSI Rubber Coordinator;proactive;hard invoice revolutionary;1080p circuit Response;22258;deposit Fresh Pines;Lebanon hard support;Markets;2021-08-05
2;e-business;extend eyeballs user-centric;Handcrafted;wireless Investor;90632;global Wooden Ergonomic;Grocery Central synthesize;IB Ways Fort;2021-08-05
3;didactic input;paradigms XSS;pixel Azerbaijan;neural Books;62724;Cotton;matrix Martin Triple-buffered;Card Data haptic;2021-08-05
4;black Handcrafted Account;sensor;Account Cotton Table;viral Kids Multi-channelled;20098;ADP primary;Electronics auxiliary Security;calculate ubiquitous;2021-08-05
5;user-centric;Soap;withdrawal;Intelligent;64051;Handmade Upgradable;Ball;Frozen end-to-end;2021-08-06
6;Designer reintermediate;Circles mission-critical transmitter;revolutionize;Awesome SMTP;17403;Music;Concrete;Markets Grocery invoice;2021-08-05
7;Executive Light Rupee;multi-byte;virtual bypass;red supply-chains Kwanza;79469;Fantastic Computers;Architect AI;clicks-and-mortar;2021-08-05
8;installation;Wooden Robust;Soft;indexing;89453;virtual Distributed;Michigan Metal Krona;FTP Home Executive;2021-08-05
9;Cheese Fish Center;web;Iceland;Card extranet hard;62365;overriding;tan;enhance;2021-08-05
10;bluetooth Industrial;neutral ubiquitous Specialist;Manager;Chips supply-chains SAS;6209;Gourde;coherent value-added Canada;withdrawal;2021-08-05
